Chain_A,alkbh5,Position_A,Resuide_A,Chain_B,mRNA,Position_B,Resuide_B,Overlap,Distance
A,MET,1,N,B,C,2562,O3',0.073,2.627
A,MET,1,N,B,C,2562,C3',-0.326,3.846
A,MET,1,N,B,C,2563,P,2.382,1.358
A,MET,1,N,B,C,2563,OP1,1.945,0.715
A,MET,1,N,B,C,2563,C5',0.939,2.581
A,MET,1,N,B,C,2563,O5',0.756,1.944
A,MET,1,N,B,C,2563,OP2,0.215,2.445
A,MET,1,N,B,C,2563,C4',-0.389,3.909
A,ALA,2,CA,B,U,2564,OP1,0.69,2.61
A,MET,1,C,B,U,2564,P,-0.229,3.939
A,TYR,51,CD2,B,U,2567,C1',-0.339,3.979
A,TYR,23,CE1,B,A,3081,N3,-0.234,3.634
A,TYR,51,CE2,B,G,3371,N2,-0.288,3.688
A,TYR,51,OH,B,A,3372,C4',0.07,3.27
A,TYR,51,OH,B,A,3372,C1',-0.313,3.653
A,TYR,51,OH,B,A,3372,O4',-0.38,2.9
A,ALA,44,CB,B,U,3374,O3',0.684,2.656
A,ALA,48,CB,B,U,3374,O2,-0.04,3.34
A,ALA,44,CB,B,U,3374,C3',-0.04,3.8
A,GLU,62,O,B,U,3374,O4,-0.254,3.094
A,ASP,63,OD1,B,U,3374,O2,-0.283,3.123
A,ALA,44,CB,B,U,3374,C2',-0.332,4.092
A,SER,64,CB,B,A,3375,C2',2.686,1.074
A,ALA,44,CB,B,A,3375,P,1.758,2.222
A,SER,64,CB,B,A,3375,O2',1.725,1.615
A,ALA,45,CB,B,A,3375,O2',1.393,1.947
A,ALA,44,CB,B,A,3375,OP1,1.392,1.908
A,ALA,44,CB,B,A,3375,O5',1.28,2.06
A,SER,64,CB,B,A,3375,C1',1.185,2.575
A,ALA,45,CB,B,A,3375,C2',0.812,2.948
A,ALA,44,CB,B,A,3375,C4',0.76,3
A,GLU,62,CA,B,A,3375,C2,0.739,2.901
A,ALA,45,CA,B,A,3375,O2',0.624,2.716
A,GLU,62,CA,B,A,3375,N1,0.585,2.935
A,ALA,41,O,B,A,3375,C4',0.45,2.85
A,GLU,62,C,B,A,3375,N3,0.443,2.807
A,ALA,45,CA,B,A,3375,C2',0.385,3.375
A,SER,64,CA,B,A,3375,N3,0.267,3.253
A,ALA,44,CA,B,A,3375,P,0.25,3.73
A,ASP,63,OD1,B,A,3375,N9,0.231,2.829
A,SER,64,CB,B,A,3375,N9,0.218,3.302
A,ALA,45,CA,B,A,3375,O4',0.197,3.143
A,ASP,63,CG,B,A,3375,N3,0.186,3.334
A,ASP,63,OD1,B,A,3375,N3,0.167,2.893
A,LYS,24,CG,B,A,3375,N6,0.131,3.389
A,ALA,45,CA,B,A,3375,C1',0.112,3.648
A,ALA,41,CA,B,A,3375,O3',0.072,3.268
A,ALA,44,CA,B,A,3375,OP1,0.032,3.268
A,ALA,44,CA,B,A,3375,O5',0.008,3.332
A,ASP,63,OD1,B,A,3375,C4,-0.005,3.035
A,SER,64,CA,B,A,3375,N9,-0.019,3.539
A,SER,64,CB,B,A,3375,O4',-0.03,3.37
A,ALA,45,CB,B,A,3375,C1',-0.039,3.799
A,ALA,41,CB,B,A,3375,O3',-0.063,3.403
A,SER,64,CA,B,A,3375,C4,-0.124,3.614
A,ASP,63,CA,B,A,3375,N9,-0.136,3.656
A,ALA,44,C,B,A,3375,O4',-0.171,3.241
A,ARG,28,NH2,B,A,3375,C8,-0.175,3.575
A,GLU,62,C,B,A,3375,C6,-0.197,3.417
A,ALA,41,CA,B,A,3375,C3',-0.202,3.962
A,ALA,41,CB,B,A,3375,C3',-0.205,3.965
A,ALA,45,N,B,A,3375,C2',-0.282,3.802
A,LYS,24,CE,B,A,3375,N7,-0.303,3.823
A,ALA,41,CA,B,A,3375,C5',-0.367,4.127
A,GLU,62,O,B,A,3375,C4,-0.367,3.397
A,ASP,63,CA,B,A,3375,C5,-0.374,3.864
A,ALA,44,CB,B,A,3375,OP2,-0.375,3.675
A,ASP,63,CG,B,A,3375,C4,-0.4,3.89
A,ALA,41,CB,B,A,3376,OP2,2.15,1.15
A,SER,64,CA,B,A,3376,O4',1.937,1.403
A,ALA,41,CB,B,A,3376,P,1.721,2.259
A,ALA,41,CA,B,A,3376,P,1.339,2.641
A,SER,64,CB,B,A,3376,C5',1.328,2.432
A,SER,64,C,B,A,3376,C4',1.327,2.163
A,SER,64,CA,B,A,3376,C4',1.289,2.471
A,SER,64,C,B,A,3376,O4',1.277,1.793
A,SER,64,CA,B,A,3376,C1',1.211,2.549
A,GLU,67,CB,B,A,3376,O2',1.174,2.166
A,SER,64,CB,B,A,3376,O5',1.044,2.296
A,ALA,42,N,B,A,3376,P,0.941,2.799
A,SER,64,OG,B,A,3376,C4',0.907,2.433
A,SER,64,CB,B,A,3376,O4',0.893,2.447
A,GLU,67,CB,B,A,3376,C2',0.88,2.88
A,SER,64,C,B,A,3376,C5',0.877,2.613
A,GLU,62,CB,B,A,3376,C2,0.851,2.789
A,SER,64,CB,B,A,3376,C4',0.801,2.959
A,GLU,67,CA,B,A,3376,O2',0.72,2.62
A,ARG,28,CD,B,A,3376,N7,0.582,2.938
A,GLU,67,CG,B,A,3376,N3,0.556,2.964
A,ALA,41,CA,B,A,3376,OP1,0.544,2.756
A,ALA,41,CB,B,A,3376,OP1,0.54,2.76
A,GLU,62,CB,B,A,3376,N3,0.535,2.985
A,SER,64,C,B,A,3376,C1',0.495,2.995
A,ARG,68,N,B,A,3376,O2',0.478,2.222
A,SER,64,CA,B,A,3376,N9,0.456,3.064
A,GLU,67,CG,B,A,3376,C1',0.274,3.486
A,ASP,63,C,B,A,3376,C1',0.221,3.269
A,ARG,28,CD,B,A,3376,C5,0.185,3.305
A,ASP,65,N,B,A,3376,C4',0.167,3.353
A,ARG,68,CB,B,A,3376,O3',0.146,3.194
A,SER,64,CA,B,A,3376,C3',0.127,3.633
A,SER,64,CB,B,A,3376,C1',0.091,3.669
A,GLU,62,CB,B,A,3376,N1,0.071,3.449
A,ASP,65,N,B,A,3376,C5',0.046,3.474
A,ASP,63,C,B,A,3376,O4',0.021,3.049
A,SER,64,CA,B,A,3376,C2',0.013,3.747
A,ALA,41,CB,B,A,3376,O5',0.002,3.338
A,GLU,67,CA,B,A,3376,C2',-0.024,3.784
A,ARG,28,CD,B,A,3376,C8,-0.077,3.717
A,ALA,45,CB,B,A,3376,C5',-0.084,3.844
A,SER,64,C,B,A,3376,C3',-0.084,3.574
A,ARG,28,CD,B,A,3376,C6,-0.096,3.586
A,SER,64,OG,B,A,3376,C3',-0.097,3.437
A,SER,64,OG,B,A,3376,O4',-0.116,2.636
A,ALA,41,N,B,A,3376,P,-0.135,3.875
A,ARG,68,CA,B,A,3376,O3',-0.16,3.5
A,GLU,67,CG,B,A,3376,C2,-0.189,3.829
A,GLU,67,CG,B,A,3376,C2',-0.209,3.969
A,GLU,67,CD,B,A,3376,N3,-0.228,3.748
A,ARG,28,NH2,B,A,3376,N7,-0.235,3.115
A,GLU,67,CG,B,A,3376,O2',-0.256,3.596
A,VAL,38,O,B,A,3376,OP1,-0.257,3.097
A,GLU,62,CB,B,A,3376,C4,-0.266,3.756
A,ASP,65,CA,B,A,3376,C4',-0.271,4.031
A,SER,64,C,B,A,3376,C2',-0.293,3.783
A,LYS,24,CB,B,A,3376,N6,-0.318,3.838
A,GLU,67,CG,B,A,3376,C4,-0.327,3.817
A,SER,64,CB,B,A,3376,N9,-0.329,3.849
A,SER,64,N,B,A,3376,C4',-0.332,3.852
A,ARG,28,NH1,B,A,3376,OP2,-0.347,3.007
A,SER,64,CB,B,A,3376,C3',-0.348,4.108
A,ASP,65,N,B,A,3376,O4',-0.357,3.057
A,ARG,68,NH2,B,A,3376,C5',-0.369,3.889
A,ARG,68,CB,B,A,3376,O2',-0.386,3.726
A,ASP,63,C,B,A,3376,N9,-0.391,3.641
A,ALA,25,CB,B,G,3377,N1,1.089,2.431
A,ALA,25,CA,B,G,3377,O6,0.945,2.355
A,ALA,25,CB,B,G,3377,O6,0.575,2.725
A,ALA,25,CB,B,G,3377,C6,0.513,2.977
A,TYR,71,CB,B,G,3377,C4',0.493,3.267
A,ALA,25,CA,B,G,3377,C6,0.289,3.201
A,TYR,71,CB,B,G,3377,C5',0.281,3.479
A,ARG,28,CD,B,G,3377,N7,0.221,3.299
A,ALA,25,CA,B,G,3377,N1,0.212,3.308
A,ARG,68,NH2,B,G,3377,P,-0.004,3.744
A,ARG,68,CA,B,G,3377,C5',-0.046,3.806
A,ALA,25,CB,B,G,3377,C2,-0.058,3.548
A,ARG,68,CZ,B,G,3377,OP1,-0.136,3.166
A,ARG,68,CZ,B,G,3377,P,-0.155,3.865
A,ARG,28,CB,B,G,3377,O6,-0.17,3.47
A,TYR,71,CD1,B,G,3377,O2',-0.21,3.43
A,ALA,25,CB,B,G,3377,N2,-0.221,3.741
A,TYR,71,CB,B,G,3377,C3',-0.294,4.054
A,GLU,67,CB,B,G,3377,O4',-0.317,3.657
A,TYR,71,CB,B,G,3377,O3',-0.347,3.687
A,GLU,67,O,B,G,3377,C4',-0.367,3.667
A,TYR,71,CD1,B,G,3377,C2',-0.368,4.008
A,GLU,29,CG,B,U,3378,O2,2.48,0.82
A,GLU,29,CG,B,U,3378,C2,2.115,1.375
A,GLU,29,CG,B,U,3378,N1,1.033,2.487
A,ARG,28,CB,B,U,3378,O4,0.922,2.378
A,GLU,29,CB,B,U,3378,C2,0.854,2.636
A,GLU,29,N,B,U,3378,N3,0.778,2.502
A,GLU,29,CG,B,U,3378,C1',0.708,3.052
A,GLU,29,CA,B,U,3378,C2,0.403,3.087
A,GLU,29,CD,B,U,3378,C3',0.371,3.389
A,ARG,28,CA,B,U,3378,O4,0.324,2.976
A,GLU,29,CG,B,U,3378,C2',0.312,3.448
A,GLU,29,CA,B,U,3378,C4,0.208,3.282
A,GLU,29,N,B,U,3378,C4,0.192,3.058
A,GLU,29,CD,B,U,3378,O4',0.162,3.178
A,TYR,71,CD1,B,U,3378,OP1,0.157,3.023
A,ARG,28,CB,B,U,3378,C4,0.121,3.369
A,GLU,29,CG,B,U,3378,C4,0.057,3.433
A,GLU,29,CD,B,U,3378,O2',0.034,3.306
A,GLU,29,CG,B,U,3378,C6,0.033,3.607
A,TYR,71,CG,B,U,3378,P,-0.023,3.733
A,TYR,71,CE1,B,U,3378,C5',-0.116,3.756
A,GLU,29,CB,B,U,3378,N1,-0.124,3.644
A,ARG,28,CB,B,U,3378,N3,-0.161,3.681
A,GLU,29,N,B,U,3378,C2,-0.162,3.412
A,GLU,29,CD,B,U,3378,C4',-0.229,3.989
A,ALA,25,O,B,U,3378,O2,-0.26,3.1
A,GLU,29,CA,B,U,3378,O4,-0.304,3.604
A,GLU,29,N,B,U,3378,O4,-0.318,2.978
A,ALA,25,O,B,U,3378,N3,-0.346,3.006
A,GLU,29,CG,B,U,3378,C5,-0.351,3.991
A,ARG,28,CA,B,U,3378,C4,-0.356,3.846
A,ARG,28,CA,B,U,3378,N3,-0.391,3.911
A,SER,240,CB,B,G,3379,N2,2.053,1.467
A,SER,240,CA,B,G,3379,N2,1.496,2.024
A,SER,240,CA,B,G,3379,C2,1.491,1.999
A,GLU,241,CG,B,G,3379,O3',1.466,1.874
A,GLU,241,CD,B,G,3379,O3',1.432,1.908
A,SER,240,CA,B,G,3379,N3,1.296,2.224
A,SER,240,CB,B,G,3379,C2,1.291,2.199
A,SER,240,CB,B,G,3379,N3,1.07,2.45
A,GLU,241,CG,B,G,3379,C3',0.818,2.942
A,GLU,241,OE1,B,G,3379,C4',0.816,2.484
A,GLU,241,CD,B,G,3379,C3',0.796,2.964
A,GLU,241,OE1,B,G,3379,O3',0.733,2.147
A,GLU,241,OE1,B,G,3379,C3',0.697,2.603
A,GLU,241,CG,B,G,3379,O2',0.645,2.695
A,SER,240,N,B,G,3379,C2,0.635,2.615
A,SER,240,CA,B,G,3379,N1,0.623,2.897
A,GLU,241,CG,B,G,3379,C2',0.614,3.146
A,ARG,238,CB,B,G,3379,O6,0.586,2.714
A,GLU,241,CD,B,G,3379,C4',0.412,3.348
A,SER,240,N,B,G,3379,N1,0.341,2.939
A,SER,240,CA,B,G,3379,C4,0.321,3.169
A,GLU,241,CD,B,G,3379,O2',0.319,3.021
A,GLU,241,CB,B,G,3379,C4',0.307,3.453
A,GLU,241,CD,B,G,3379,C2',0.221,3.539
A,GLU,241,OE1,B,G,3379,C2',0.215,3.085
A,SER,240,OG,B,G,3379,N2,0.176,2.524
A,VAL,239,C,B,G,3379,N1,0.12,3.13
A,GLU,241,CA,B,G,3379,O3',0.102,3.238
A,SER,240,CB,B,G,3379,N1,0.096,3.424
A,GLU,241,N,B,G,3379,C1',0.004,3.516
A,GLU,241,OE1,B,G,3379,O2',-0.053,2.533
A,VAL,239,C,B,G,3379,C2,-0.056,3.276
A,GLU,241,N,B,G,3379,O2',-0.069,2.769
A,GLU,241,OE1,B,G,3379,C5',-0.111,3.411
A,GLU,241,CG,B,G,3379,C4',-0.141,3.901
A,ARG,238,CG,B,G,3379,O6,-0.171,3.471
A,GLU,241,N,B,G,3379,C3',-0.174,3.694
A,SER,240,C,B,G,3379,C2',-0.224,3.714
A,SER,240,CB,B,G,3379,C4,-0.258,3.748
A,ARG,238,CB,B,G,3379,C6,-0.266,3.756
A,SER,240,CA,B,G,3379,C6,-0.324,3.814
A,GLU,241,CD,B,G,3379,C5',-0.378,4.138
A,LYS,231,O,B,G,3379,N2,-0.384,3.044
A,SER,240,CA,B,G,3379,C5,-0.385,3.875
A,VAL,239,CA,B,C,3380,N3,2.301,1.219
A,SER,240,N,B,C,3380,C2,2.171,1.079
A,GLU,241,CG,B,C,3380,C5',2.063,1.697
A,PRO,242,CB,B,C,3380,O3',1.984,1.356
A,SER,240,CA,B,C,3380,N1,1.776,1.744
A,GLU,241,CG,B,C,3380,P,1.758,2.222
A,PRO,242,CA,B,C,3380,O3',1.705,1.635
A,SER,240,CA,B,C,3380,C2,1.463,2.027
A,VAL,239,CA,B,C,3380,C2,1.385,2.105
A,SER,240,N,B,C,3380,N1,1.354,1.926
A,PRO,242,CA,B,C,3380,C3',1.352,2.408
A,PRO,242,CA,B,C,3380,C4',1.253,2.507
A,VAL,239,CA,B,C,3380,C4,1.187,2.303
A,GLU,241,CG,B,C,3380,O5',1.169,2.171
A,SER,240,CA,B,C,3380,C6,1.148,2.492
A,CYS,230,SG,B,C,3380,C2',1.121,2.529
A,SER,240,N,B,C,3380,N3,1.104,1.776
A,CYS,230,CA,B,C,3380,O2',1.096,2.244
A,GLU,241,CD,B,C,3380,P,1.089,2.891
A,SER,240,O,B,C,3380,O4',1.054,1.826
A,VAL,239,CG1,B,C,3380,O2,1.032,2.268
A,PRO,242,CB,B,C,3380,C3',1.017,2.743
A,VAL,239,CG1,B,C,3380,C2,0.944,2.546
A,CYS,230,CB,B,C,3380,O2',0.927,2.413
A,GLU,241,CG,B,C,3380,OP1,0.907,2.393
A,GLU,241,CA,B,C,3380,P,0.832,3.148
A,VAL,239,CA,B,C,3380,N4,0.776,2.744
A,SER,240,C,B,C,3380,C4',0.774,2.716
A,SER,240,O,B,C,3380,C4',0.753,2.547
A,PRO,242,CD,B,C,3380,O5',0.729,2.611
A,VAL,239,CG1,B,C,3380,N3,0.721,2.799
A,CYS,230,SG,B,C,3380,O2',0.676,2.154
A,GLU,241,CG,B,C,3380,C4',0.67,3.09
A,SER,240,CA,B,C,3380,N3,0.649,2.871
A,CYS,230,CB,B,C,3380,C2',0.636,3.124
A,PRO,242,CA,B,C,3380,C2',0.589,3.171
A,SER,240,OG,B,C,3380,C1',0.569,2.771
A,GLU,241,CD,B,C,3380,C5',0.554,3.206
A,SER,240,CA,B,C,3380,O4',0.548,2.792
A,SER,240,N,B,C,3380,C6,0.536,2.864
A,SER,240,N,B,C,3380,C4,0.521,2.729
A,CYS,230,SG,B,C,3380,C3',0.49,3.16
A,PRO,242,CA,B,C,3380,O2',0.48,2.86
A,PRO,242,CA,B,C,3380,C5',0.476,3.284
A,GLU,241,CD,B,C,3380,OP1,0.466,2.834
A,SER,240,CB,B,C,3380,N1,0.448,3.072
A,SER,240,CA,B,C,3380,C5,0.417,3.223
A,CYS,230,CA,B,C,3380,C2',0.352,3.408
A,PRO,242,CB,B,C,3380,C4',0.288,3.472
A,SER,240,CB,B,C,3380,C2,0.267,3.223
A,SER,240,N,B,C,3380,C5,0.194,3.206
A,SER,240,CB,B,C,3380,O2,0.175,3.125
A,PRO,242,CB,B,C,3380,C2',0.146,3.614
A,SER,240,CA,B,C,3380,C4,0.141,3.349
A,ARG,238,C,B,C,3380,N3,0.132,3.118
A,VAL,239,CA,B,C,3380,N1,0.119,3.401
A,VAL,239,CG2,B,C,3380,N3,0.109,3.411
A,PRO,242,N,B,C,3380,O5',0.107,2.993
A,PRO,242,CD,B,C,3380,P,0.096,3.884
A,VAL,239,CA,B,C,3380,C5,0.072,3.568
A,ARG,238,CA,B,C,3380,N4,0.049,3.471
A,SER,240,CB,B,C,3380,O4',0.027,3.313
A,VAL,239,CG1,B,C,3380,N1,0.019,3.501
A,CYS,230,SG,B,C,3380,O3',0.01,2.82
A,GLU,241,OE1,B,C,3380,P,-0.043,3.563
A,GLU,241,CD,B,C,3380,O5',-0.134,3.474
A,PRO,242,CB,B,C,3380,O2',-0.16,3.5
A,SER,240,C,B,C,3380,C5',-0.175,3.665
A,GLU,241,CB,B,C,3380,OP1,-0.184,3.484
A,GLU,241,N,B,C,3380,O5',-0.239,2.939
A,ARG,238,CB,B,C,3380,N4,-0.264,3.784
A,LYS,231,C,B,C,3380,O2,-0.271,3.301
A,SER,240,CB,B,C,3380,C6,-0.294,3.934
A,VAL,239,CA,B,C,3380,C6,-0.301,3.941
A,CYS,230,N,B,C,3380,O2',-0.309,3.009
A,PRO,242,CB,B,C,3380,C5',-0.309,4.069
A,SER,240,OG,B,C,3380,C2',-0.316,3.656
A,ARG,238,C,B,C,3380,C4,-0.318,3.538
A,PRO,242,CA,B,C,3380,C1',-0.319,4.079
A,SER,240,OG,B,C,3380,N1,-0.322,3.422
A,VAL,239,CG1,B,C,3380,C4,-0.331,3.821
A,CYS,230,SG,B,C,3380,C1',-0.34,3.99
A,GLU,241,CG,B,C,3380,OP2,-0.354,3.654
A,CYS,230,CA,B,C,3380,C1',-0.358,4.118
A,SER,240,OG,B,C,3380,C2,-0.362,3.432
A,GLU,241,CG,B,C,3380,O4',-0.365,3.705
A,LYS,231,O,B,C,3380,C2,-0.371,3.401
A,SER,240,O,B,C,3380,C5',-0.384,3.684
A,SER,240,OG,B,C,3380,O2,-0.388,2.868
A,VAL,239,CG2,B,A,3381,N3,2.131,1.389
A,ARG,269,CG,B,A,3381,C2',2.103,1.657
A,ARG,269,CD,B,A,3381,C8,1.845,1.795
A,VAL,239,CG2,B,A,3381,C2,1.698,1.942
A,ARG,269,CG,B,A,3381,C1',1.457,2.303
A,PRO,242,CD,B,A,3381,OP2,1.42,1.88
A,VAL,239,CG1,B,A,3381,N9,1.396,2.124
A,VAL,239,CG2,B,A,3381,C4,1.192,2.298
A,ARG,269,CD,B,A,3381,N9,1.12,2.4
A,ARG,269,CG,B,A,3381,N9,1.12,2.4
A,VAL,239,CB,B,A,3381,N9,0.998,2.522
A,ARG,269,CG,B,A,3381,C8,0.988,2.652
A,VAL,239,CG1,B,A,3381,C4,0.961,2.529
A,CYS,230,CB,B,A,3381,C4',0.92,2.84
A,ARG,269,CD,B,A,3381,N7,0.87,2.65
A,ARG,269,CD,B,A,3381,C1',0.836,2.924
A,CYS,230,CB,B,A,3381,O4',0.801,2.539
A,CYS,227,CB,B,A,3381,C4',0.799,2.961
A,ARG,269,CD,B,A,3381,C2',0.786,2.974
A,PHE,232,CZ,B,A,3381,O2',0.716,2.504
A,VAL,239,CB,B,A,3381,C5,0.68,2.81
A,VAL,239,CG1,B,A,3381,N3,0.664,2.856
A,CYS,230,SG,B,A,3381,O4',0.648,2.182
A,VAL,239,CG1,B,A,3381,C8,0.604,3.036
A,CYS,230,CB,B,A,3381,C5',0.597,3.163
A,CYS,227,CB,B,A,3381,O5',0.586,2.754
A,ARG,269,CG,B,A,3381,O4',0.537,2.803
A,VAL,239,CG2,B,A,3381,N1,0.496,3.024
A,CYS,227,CB,B,A,3381,P,0.495,3.485
A,CYS,227,CB,B,A,3381,C3',0.484,3.276
A,VAL,239,CG2,B,A,3381,N9,0.382,3.138
A,ARG,269,NE,B,A,3381,C8,0.373,3.027
A,CYS,227,CB,B,A,3381,O3',0.34,3
A,ARG,269,CG,B,A,3381,O2',0.333,3.007
A,ARG,269,CZ,B,A,3381,OP2,0.316,2.714
A,CYS,227,CB,B,A,3381,OP1,0.313,2.987
A,VAL,239,CB,B,A,3381,C8,0.307,3.333
A,PRO,242,CB,B,A,3381,OP2,0.299,3.001
A,ARG,269,CD,B,A,3381,O4',0.286,3.054
A,VAL,239,CG1,B,A,3381,C2',0.26,3.5
A,CYS,227,CA,B,A,3381,C5',0.241,3.519
A,CYS,267,SG,B,A,3381,C2',0.232,3.418
A,VAL,239,CG2,B,A,3381,C5,0.186,3.304
A,ARG,269,CG,B,A,3381,C4,0.137,3.353
A,CYS,267,SG,B,A,3381,O2',0.112,2.718
A,VAL,239,CB,B,A,3381,N1,0.108,3.412
A,ARG,269,CD,B,A,3381,C4,0.107,3.383
A,PHE,232,CZ,B,A,3381,C2',0.092,3.548
A,CYS,230,CB,B,A,3381,C1',0.068,3.692
A,CYS,230,SG,B,A,3381,C1',0.068,3.582
A,VAL,239,CB,B,A,3381,C6,0.063,3.427
A,PHE,232,CE1,B,A,3381,O2',0.053,3.167
A,VAL,239,CA,B,A,3381,N3,0.045,3.475
A,ARG,269,CD,B,A,3381,C5,0.027,3.463
A,PHE,232,CZ,B,A,3381,C1',0.005,3.635
A,VAL,239,CG1,B,A,3381,C5,-0.001,3.491
A,VAL,239,CA,B,A,3381,C4,-0.01,3.5
A,VAL,239,CB,B,A,3381,N7,-0.01,3.53
A,CYS,267,O,B,A,3381,O3',-0.061,2.941
A,VAL,239,CG2,B,A,3381,C6,-0.095,3.585
A,ARG,269,CG,B,A,3381,N7,-0.096,3.616
A,CYS,267,CB,B,A,3381,O2',-0.127,3.467
A,VAL,239,CA,B,A,3381,C2,-0.144,3.784
A,PRO,270,CD,B,A,3381,N3,-0.149,3.669
A,CYS,267,SG,B,A,3381,C1',-0.174,3.824
A,VAL,239,N,B,A,3381,C2,-0.197,3.597
A,ARG,269,CZ,B,A,3381,C8,-0.208,3.578
A,PRO,242,N,B,A,3381,OP2,-0.229,3.289
A,VAL,239,CG1,B,A,3381,N7,-0.245,3.765
A,PRO,270,CD,B,A,3381,C2,-0.281,3.921
A,ARG,269,CD,B,A,3381,OP2,-0.293,3.593
A,VAL,239,CG1,B,A,3381,C2,-0.298,3.938
A,PHE,232,CE1,B,A,3381,C1',-0.357,3.997
A,PRO,270,CD,B,A,3382,C5,2.795,0.695
A,PRO,270,CG,B,A,3382,C6,2.611,0.879
A,PRO,270,N,B,A,3382,N7,2.49,0.79
A,PRO,270,N,B,A,3382,C8,2.276,1.124
A,ILE,268,O,B,A,3382,O4',2.031,0.849
A,PRO,270,CD,B,A,3382,C8,1.917,1.723
A,ILE,268,O,B,A,3382,C4',1.784,1.516
A,PRO,270,CG,B,A,3382,N1,1.776,1.744
A,PRO,270,CD,B,A,3382,C6,1.598,1.892
A,PRO,270,CB,B,A,3382,C5,1.531,1.959
A,PRO,270,CB,B,A,3382,C6,1.527,1.963
A,PRO,270,CA,B,A,3382,N7,1.509,2.011
A,PRO,270,CG,B,A,3382,N6,1.507,2.013
A,PRO,270,N,B,A,3382,C5,1.49,1.76
A,PRO,270,CG,B,A,3382,C2,1.396,2.244
A,ILE,268,O,B,A,3382,C3',1.198,2.102
A,PRO,270,CB,B,A,3382,N6,1.177,2.343
A,PRO,270,CA,B,A,3382,C8,1.166,2.474
A,PRO,270,CA,B,A,3382,C5,1.156,2.334
A,ILE,268,O,B,A,3382,C5',1.1,2.2
A,PRO,270,CB,B,A,3382,N7,1.066,2.454
A,ILE,268,O,B,A,3382,N9,0.973,2.087
A,ARG,269,CG,B,A,3382,OP2,0.905,2.395
A,PRO,270,CD,B,A,3382,N6,0.873,2.647
A,CYS,200,CA,B,A,3382,C3',0.817,2.943
A,ASP,272,OD2,B,A,3382,OP2,0.784,2.056
A,PRO,270,CG,B,A,3382,C8,0.778,2.862
A,GLY,199,C,B,A,3382,O2',0.773,2.297
A,PRO,270,CB,B,A,3382,N1,0.73,2.79
A,PRO,270,CB,B,A,3382,C4,0.682,2.808
A,ILE,268,O,B,A,3382,O5',0.675,2.205
A,ILE,268,O,B,A,3382,C8,0.607,2.573
A,ILE,273,CD1,B,A,3382,O2',0.58,2.76
A,PRO,270,CD,B,A,3382,N1,0.564,2.956
A,PRO,270,CA,B,A,3382,C4,0.531,2.959
A,CYS,267,CA,B,A,3382,C5',0.5,3.26
A,PRO,270,CA,B,A,3382,N9,0.493,3.027
A,CYS,200,CB,B,A,3382,C8,0.466,3.174
A,ILE,201,CG1,B,A,3382,O3',0.465,2.875
A,CYS,200,CB,B,A,3382,C2,0.448,3.192
A,CYS,200,CA,B,A,3382,N9,0.433,3.087
A,PRO,270,CA,B,A,3382,C6,0.401,3.089
A,ASP,272,CG,B,A,3382,OP2,0.398,2.902
A,PRO,270,CD,B,A,3382,C2,0.387,3.253
A,PRO,270,CB,B,A,3382,C8,0.341,3.299
A,PRO,270,N,B,A,3382,C6,0.271,2.979
A,PRO,270,CB,B,A,3382,C2,0.259,3.381
A,ILE,273,CD1,B,A,3382,C2',0.223,3.537
A,CYS,200,CA,B,A,3382,N3,0.199,3.321
A,CYS,200,CB,B,A,3382,C5,0.193,3.297
A,ILE,268,CD1,B,A,3382,C3',0.18,3.58
A,ARG,269,CD,B,A,3382,OP2,0.025,3.275
A,PRO,270,CB,B,A,3382,N3,0.006,3.514
A,CYS,200,CA,B,A,3382,C4,0.006,3.484
A,PRO,270,CA,B,A,3382,N6,0.004,3.516
A,PRO,270,CB,B,A,3382,N9,-0.005,3.525
A,ASP,272,CB,B,A,3382,OP2,-0.006,3.306
A,CYS,200,N,B,A,3382,C1',-0.032,3.552
A,CYS,200,CA,B,A,3382,C4',-0.039,3.799
A,CYS,200,CA,B,A,3382,O4',-0.076,3.416
A,TYR,195,CE2,B,A,3382,O3',-0.077,3.297
A,ILE,268,C,B,A,3382,OP2,-0.077,3.107
A,ILE,268,O,B,A,3382,P,-0.105,3.625
A,CYS,267,C,B,A,3382,O5',-0.109,3.179
A,GLY,199,C,B,A,3382,C2',-0.119,3.609
A,ALA,225,O,B,A,3382,P,-0.201,3.721
A,ILE,201,O,B,A,3382,C5',-0.262,3.562
A,ILE,268,CG1,B,A,3382,O5',-0.265,3.605
A,PRO,270,N,B,A,3382,N6,-0.277,3.557
A,ALA,225,C,B,A,3382,OP1,-0.295,3.325
A,ILE,268,O,B,A,3382,C4,-0.344,3.374
A,CYS,200,CB,B,A,3382,N7,-0.346,3.866
A,CYS,200,SG,B,A,3382,N1,-0.363,3.373
A,ILE,273,CD1,B,A,3382,C3',-0.363,4.123
A,ILE,201,CG1,B,A,3383,P,2.219,1.761
A,ILE,201,CG1,B,A,3383,OP2,2.018,1.282
A,ILE,201,CG1,B,A,3383,C5',1.823,1.937
A,ILE,201,CG1,B,A,3383,O5',1.577,1.763
A,ILE,201,CD1,B,A,3383,P,1.49,2.49
A,ILE,201,CD1,B,A,3383,OP2,1.44,1.86
A,TYR,195,CE2,B,A,3383,OP2,1.185,1.995
A,ILE,268,CD1,B,A,3383,OP1,0.946,2.354
A,TYR,195,CE2,B,A,3383,P,0.818,3.042
A,CYS,200,CA,B,A,3383,O4',0.672,2.668
A,TYR,195,OH,B,A,3383,P,0.618,2.942
A,ILE,201,CD1,B,A,3383,O5',0.616,2.724
A,ILE,201,CG1,B,A,3383,C4',0.575,3.185
A,ILE,201,CD1,B,A,3383,C5',0.531,3.229
A,ILE,201,CB,B,A,3383,OP1,0.494,2.806
A,CYS,200,C,B,A,3383,C5',0.442,3.048
A,TYR,195,CZ,B,A,3383,P,0.365,3.345
A,ILE,201,CA,B,A,3383,O3',0.36,2.98
A,ILE,201,CG1,B,A,3383,OP1,0.355,2.945
A,ALA,127,CB,B,A,3383,N7,0.296,3.224
A,ILE,201,CD1,B,A,3383,OP1,0.293,3.007
A,ALA,127,CA,B,A,3383,N6,0.208,3.312
A,CYS,200,C,B,A,3383,C2',0.133,3.357
A,ARG,130,CD,B,A,3383,OP2,0.112,3.188
A,CYS,200,C,B,A,3383,N9,0.085,3.165
A,CYS,200,CA,B,A,3383,C4',0.072,3.688
A,CYS,200,C,B,A,3383,C3',0.015,3.475
A,PRO,128,CB,B,A,3383,N1,-0.016,3.536
A,CYS,200,N,B,A,3383,C1',-0.073,3.593
A,TYR,195,CD2,B,A,3383,OP2,-0.103,3.283
A,ILE,201,CG1,B,A,3383,O4',-0.106,3.446
A,CYS,200,CB,B,A,3383,O2',-0.146,3.486
A,ALA,127,CB,B,A,3383,C6,-0.275,3.765
A,ARG,130,CD,B,A,3383,C8,-0.282,3.922
A,ALA,127,CB,B,A,3383,C5,-0.321,3.811
A,TYR,195,CD2,B,A,3383,P,-0.322,4.182
A,CYS,200,C,B,A,3383,O5',-0.341,3.411
A,CYS,200,O,B,A,3383,C4,-0.371,3.401
A,PHE,234,CZ,B,A,3384,O3',1.796,1.424
A,VAL,202,CG1,B,A,3384,O4',1.102,2.238
A,PHE,234,CZ,B,A,3384,O2',0.666,2.554
A,VAL,202,CB,B,A,3384,C4',0.58,3.18
A,VAL,202,CA,B,A,3384,O5',0.49,2.85
A,HIS,394,CE1,B,A,3384,O3',0.417,2.803
A,HIS,394,CE1,B,A,3384,C3',0.397,3.243
A,VAL,202,O,B,A,3384,OP1,0.257,2.583
A,VAL,202,CG1,B,A,3384,C1',0.236,3.524
A,ILE,201,C,B,A,3384,P,0.168,3.542
A,HIS,394,CE1,B,A,3384,C4',0.08,3.56
A,VAL,202,CG1,B,A,3384,C8,-0.066,3.706
A,PHE,234,CD2,B,A,3384,O3',-0.171,3.391
A,HIS,394,NE2,B,A,3384,C3',-0.2,3.72
A,VAL,202,N,B,A,3384,C5',-0.202,3.722
A,PHE,234,CD1,B,A,3384,O3',-0.213,3.433
A,HIS,394,NE2,B,A,3384,O3',-0.254,2.954
A,VAL,202,CG1,B,A,3384,C2',-0.281,4.041
A,VAL,202,N,B,A,3384,OP1,-0.296,2.956
A,HIS,394,NE2,B,A,3384,C4',-0.305,3.825
A,PHE,234,CG,B,A,3384,O2',-0.333,3.403
A,VAL,202,N,B,A,3384,OP2,-0.354,3.014
A,VAL,202,CB,B,A,3384,C3',-0.37,4.13
A,PHE,234,CZ,B,G,3385,P,1.265,2.595
A,HIS,394,CE1,B,G,3385,P,0.985,2.875
A,HIS,394,CE1,B,G,3385,OP2,0.784,2.396
A,PHE,234,CD2,B,G,3385,C5',0.728,2.912
A,HIS,394,NE2,B,G,3385,P,0.505,3.235
A,PHE,234,CZ,B,G,3385,C5',0.493,3.147
A,PHE,234,CZ,B,G,3385,OP1,0.332,2.848
A,PHE,234,CD2,B,G,3385,P,0.25,3.61
A,PHE,234,CD2,B,G,3385,OP1,0.195,2.985
A,HIS,394,ND1,B,G,3385,OP2,0.016,2.644
A,PHE,234,CZ,B,G,3385,O5',0.01,3.21
A,PHE,234,CB,B,G,3385,C5',-0.082,3.842
A,HIS,394,CE1,B,G,3385,OP1,-0.141,3.321
A,PHE,234,CG,B,G,3385,C4',-0.218,3.708
A,PHE,234,CE1,B,G,3385,O5',-0.383,3.603
A,ALA,143,CA,B,A,3386,N6,0.427,3.093
A,ALA,143,CB,B,A,3386,N1,0.306,3.214
A,ALA,143,CB,B,A,3386,C6,0.114,3.376
A,ARG,148,NH2,B,A,3386,C5,-0.016,3.266
A,ARG,393,CG,B,A,3386,OP2,-0.176,3.476
A,ARG,393,NE,B,A,3386,P,-0.256,3.996
A,ARG,148,NE,B,G,3387,C2,0.457,2.793
A,ARG,148,CG,B,G,3387,N1,0.156,3.364
A,ARG,148,CG,B,G,3387,O6,-0.066,3.366
A,ALA,143,CA,B,G,3387,N2,-0.141,3.661
A,ARG,148,NE,B,G,3387,C4,-0.2,3.45
A,ARG,148,CG,B,G,3387,C6,-0.25,3.74
A,ARG,148,NH2,B,G,3387,N3,-0.317,3.197
A,ARG,148,CD,B,G,3387,C5,-0.368,3.858
A,ARG,148,CD,B,G,3388,O6,0.67,2.63
A,ARG,324,CA,B,G,3388,OP1,0.527,2.773
A,ARG,324,CG,B,G,3388,C5',0.457,3.303
A,ARG,324,CG,B,G,3388,O5',0.441,2.899
A,ARG,324,CG,B,G,3388,C3',0.242,3.518
A,ARG,148,N,B,G,3388,C2,0.108,3.142
A,ARG,324,CA,B,G,3388,P,0.003,3.977
A,ARG,324,CG,B,G,3388,O3',-0.011,3.351
A,LYS,147,CA,B,G,3388,N2,-0.112,3.632
A,ARG,148,CB,B,G,3388,C6,-0.136,3.626
A,ARG,148,CA,B,G,3388,N1,-0.144,3.664
A,ARG,148,CG,B,G,3388,C4,-0.149,3.639
A,ARG,148,CB,B,G,3388,N3,-0.184,3.704
A,ARG,324,CG,B,G,3388,C4',-0.195,3.955
A,ARG,148,CG,B,G,3388,C5,-0.333,3.823
A,ARG,310,NH2,B,A,3389,C3',0.605,2.915
A,ARG,310,NH2,B,A,3389,C4',0.496,3.024
A,ARG,324,CB,B,A,3389,OP2,0.494,2.806
A,ARG,310,CZ,B,A,3389,O3',0.405,2.665
A,ARG,324,CD,B,A,3389,O5',0.272,3.068
A,ARG,310,NH2,B,A,3389,C5',0.264,3.256
A,ARG,324,NH1,B,A,3389,N9,-0.02,3.3
A,ARG,324,CB,B,A,3389,P,-0.114,4.094
A,ARG,324,NH2,B,A,3389,N6,-0.183,3.463
A,ARG,324,CD,B,A,3389,C8,-0.198,3.838
A,ARG,324,CD,B,A,3389,OP1,-0.21,3.51
A,ARG,324,CZ,B,A,3389,C5,-0.372,3.592
A,ARG,324,NE,B,A,3389,N7,-0.388,3.268
A,TYR,306,CE2,B,U,3390,O3',1.222,1.998
A,ARG,310,CZ,B,U,3390,P,0.676,3.034
A,ARG,310,CZ,B,U,3390,OP1,0.642,2.388
A,TYR,306,OH,B,U,3390,C4',0.453,2.887
A,TYR,306,CE2,B,U,3390,C3',0.255,3.385
A,ALA,382,CB,B,U,3390,O2,0.239,3.061
A,TYR,306,OH,B,U,3390,C5',0.192,3.148
A,TYR,306,CD2,B,U,3390,O3',-0.082,3.302
A,ARG,310,NH1,B,U,3390,O5',-0.178,2.878
A,ARG,336,NH2,B,U,3390,C1',-0.194,3.714
A,TYR,306,CE1,B,U,3390,C3',-0.217,3.857
A,LEU,302,CD1,B,U,3390,O2',-0.375,3.715
A,TYR,306,CE2,B,U,3390,C2',-0.398,4.038
A,TYR,306,CE2,B,U,3391,P,1.857,2.003
A,TYR,306,CE2,B,U,3391,OP1,1.655,1.525
A,TYR,306,CD2,B,U,3391,C5',1.124,2.516
A,TYR,306,CD2,B,U,3391,OP1,1.079,2.101
A,TYR,306,CD2,B,U,3391,P,0.901,2.959
A,TYR,306,CG,B,U,3391,OP1,0.764,2.266
A,TYR,306,CE2,B,U,3391,O5',0.636,2.584
A,TYR,306,CG,B,U,3391,P,0.532,3.178
A,TYR,306,CD2,B,U,3391,O5',0.192,3.028
A,TYR,306,CG,B,U,3391,O5',0.102,2.968
A,LEU,302,CD1,B,U,3391,C5',-0.199,3.959
A,TYR,306,CD2,B,U,3391,C4',-0.199,3.839
A,TYR,306,CD1,B,U,3391,C3',-0.207,3.847
A,TYR,306,CD1,B,U,3391,OP2,-0.216,3.396
A,TYR,306,CE2,B,U,3391,OP2,-0.26,3.44
A,TYR,306,CG,B,U,3391,C4',-0.271,3.761
A,TYR,306,CE2,B,U,3391,C4',-0.348,3.988
A,TYR,306,CB,B,C,3392,OP1,0.172,3.128
A,TYR,306,CB,B,C,3392,P,-0.006,3.986
A,PRO,322,CG,B,A,3450,OP1,0.09,3.21
A,GLU,12,CB,B,A,3453,O2',0.389,2.951
A,GLU,12,CB,B,A,3453,C1',0.384,3.376
A,GLU,12,CG,B,A,3453,C1',0.322,3.438
A,GLU,12,CB,B,A,3453,C4',0.208,3.552
A,GLU,12,CB,B,A,3453,O4',0.109,3.231
A,GLU,12,CB,B,A,3453,C2',0.045,3.715
A,GLU,12,CG,B,A,3453,O4',0.019,3.321
A,GLU,12,CA,B,A,3453,O2',-0.207,3.547
A,SER,16,CB,B,U,3454,C5',0.416,3.344
A,SER,16,CB,B,U,3454,C4',0.13,3.63
A,SER,16,CA,B,U,3454,C4',-0.188,3.948
A,ARG,387,NH1,B,A,3455,O2',-0.062,2.762
A,TYR,60,CE1,B,C,3456,OP1,0.382,2.798
A,PRO,385,CG,B,C,3456,O2',0.336,3.004
A,ARG,387,CA,B,C,3456,C4',0.019,3.741
A,TYR,60,CE1,B,C,3456,P,-0.087,3.947
A,ARG,393,NE,B,C,3456,N4,-0.226,3.506
A,VAL,389,CG1,B,C,3456,O3',-0.264,3.604
A,TYR,60,OH,B,C,3456,C5',-0.372,3.712
A,VAL,389,CG1,B,C,3457,OP1,0.502,2.798
A,PRO,385,CG,B,C,3457,O4',0.403,2.937
A,PRO,385,CB,B,C,3457,C5',0.385,3.375
A,VAL,389,CB,B,C,3457,P,0.343,3.637
A,VAL,389,CG1,B,C,3457,P,0.229,3.751
A,PRO,385,CB,B,C,3457,C4',0.226,3.534
A,GLY,149,CA,B,C,3457,O2',0.128,3.212
A,ARG,393,NH1,B,C,3457,C4,0.028,3.222
A,VAL,389,CG2,B,C,3457,OP2,-0.089,3.389
A,GLY,149,CA,B,C,3457,C2',-0.124,3.884
A,PRO,150,CG,B,C,3457,O3',-0.147,3.487
A,ARG,393,CD,B,C,3457,N4,-0.188,3.708
A,VAL,389,CA,B,C,3457,OP1,-0.251,3.551
A,VAL,389,CG2,B,C,3457,O5',-0.261,3.601
A,PRO,385,CG,B,C,3457,C1',-0.307,4.067
A,ARG,148,CB,B,C,3457,O2,-0.356,3.656
A,PRO,150,CD,B,C,3457,C3',-0.36,4.12
A,ARG,393,CD,B,C,3457,C5,-0.395,4.035
A,LEU,145,CD1,B,C,3458,O2',1.152,2.188
A,ARG,148,CA,B,C,3458,C2,0.947,2.543
A,LEU,145,CD1,B,C,3458,C2',0.937,2.823
A,ARG,148,CA,B,C,3458,N1,0.722,2.798
A,PRO,150,CG,B,C,3458,P,0.615,3.365
A,PRO,150,CG,B,C,3458,OP1,0.53,2.77
A,ARG,148,CD,B,C,3458,N4,0.479,3.041
A,HIS,394,CA,B,C,3458,OP2,0.268,3.032
A,ARG,148,CB,B,C,3458,C6,0.218,3.422
A,ARG,148,CB,B,C,3458,C4,0.037,3.453
A,GLY,149,C,B,C,3458,O3',0.036,3.034
A,LEU,145,CD1,B,C,3458,C3',-0.091,3.851
A,ARG,148,C,B,C,3458,C4',-0.104,3.594
A,GLY,149,N,B,C,3458,C5',-0.113,3.633
A,ARG,148,CA,B,C,3458,O4',-0.116,3.456
A,LEU,145,CG,B,C,3458,O2',-0.168,3.508
A,ARG,148,CA,B,C,3458,N3,-0.192,3.712
A,ARG,148,N,B,C,3458,O2,-0.202,2.862
A,ARG,148,CB,B,C,3458,C5,-0.243,3.883
A,HIS,394,CB,B,C,3458,OP2,-0.286,3.586
A,LEU,145,CD1,B,C,3458,C1',-0.301,4.061
A,GLY,149,CA,B,C,3458,O5',-0.38,3.72
A,TYR,141,CB,B,C,3459,O3',1.799,1.541
A,LEU,145,CG,B,C,3459,O4',1.046,2.294
A,TYR,141,CB,B,C,3459,C3',0.854,2.906
A,GLY,142,CA,B,C,3459,C2,0.804,2.686
A,LEU,145,CG,B,C,3459,C1',0.61,3.15
A,LEU,145,CD2,B,C,3459,C4',0.415,3.345
A,GLY,142,CA,B,C,3459,O2,0.401,2.899
A,GLY,142,N,B,C,3459,N1,0.298,2.982
A,TYR,141,CB,B,C,3459,C4',0.214,3.546
A,GLU,153,CG,B,C,3459,C5',0.209,3.551
A,TYR,141,CA,B,C,3459,C5',0.141,3.619
A,ARG,148,CZ,B,C,3459,C4,0.114,3.106
A,LEU,145,CD1,B,C,3459,O5',0.099,3.241
A,TYR,141,CB,B,C,3459,C2',-0.019,3.779
A,LEU,145,CD2,B,C,3459,C5',-0.053,3.813
A,GLU,153,CD,B,C,3459,OP1,-0.118,3.418
A,TYR,141,CA,B,C,3459,C1',-0.144,3.904
A,TYR,141,N,B,C,3459,O2',-0.146,2.846
A,TYR,141,C,B,C,3459,O4',-0.152,3.222
A,TYR,141,N,B,C,3459,C3',-0.162,3.682
A,GLY,142,N,B,C,3459,C6,-0.17,3.57
A,GLY,142,CA,B,C,3459,N3,-0.197,3.717
A,ARG,148,CZ,B,C,3459,N4,-0.201,3.451
A,GLN,144,CB,B,C,3459,O2',-0.204,3.544
A,TYR,141,N,B,C,3459,C4',-0.247,3.767
A,GLY,142,CA,B,C,3459,C5,-0.251,3.891
A,LEU,145,CD1,B,C,3459,P,-0.274,4.254
A,TYR,141,CB,B,C,3459,O2',-0.275,3.615
A,TYR,141,N,B,C,3459,O3',-0.288,2.988
A,LEU,145,CD2,B,C,3459,O4',-0.299,3.639
A,TYR,141,N,B,C,3459,C2',-0.301,3.821
A,TYR,141,CB,B,C,3459,C5',-0.354,4.114
A,TYR,141,CD1,B,C,3459,O3',-0.381,3.601
A,TYR,141,CB,B,U,3460,P,2.011,1.969
A,TYR,141,OH,B,U,3460,O3',1.466,1.054
A,TYR,141,CZ,B,U,3460,C4',1.4,2.09
A,TYR,141,CB,B,U,3460,OP1,1.289,2.011
A,TYR,141,OH,B,U,3460,C3',1.173,2.167
A,TYR,141,CA,B,U,3460,P,1.049,2.931
A,TYR,141,CB,B,U,3460,O5',0.919,2.421
A,TYR,141,CE1,B,U,3460,C4',0.817,2.823
A,TYR,141,CZ,B,U,3460,C5',0.677,2.813
A,ASP,125,CB,B,U,3460,O2',0.594,2.746
A,TYR,141,CD1,B,U,3460,O5',0.542,2.678
A,TYR,141,CD1,B,U,3460,C4',0.494,3.146
A,TYR,141,OH,B,U,3460,C4',0.489,2.851
A,TYR,141,CZ,B,U,3460,O5',0.287,2.783
A,TYR,141,CD1,B,U,3460,P,0.275,3.585
A,TYR,141,CE1,B,U,3460,C3',0.266,3.374
A,TYR,141,CB,B,U,3460,C5',0.227,3.533
A,TYR,141,CE1,B,U,3460,O3',0.196,3.024
A,TYR,141,CD1,B,U,3460,C5',0.182,3.458
A,TYR,141,CE1,B,U,3460,C5',0.091,3.549
A,ARG,130,NH2,B,U,3460,C3',0.086,3.434
A,TYR,141,CE1,B,U,3460,O5',0.072,3.148
A,GLN,144,NE2,B,U,3460,O2',0.002,2.698
A,ALA,143,N,B,U,3460,C6,-0.007,3.407
A,TYR,141,CA,B,U,3460,O5',-0.049,3.389
A,TYR,141,CA,B,U,3460,OP1,-0.061,3.361
A,GLN,144,CG,B,U,3460,C1',-0.073,3.833
A,ASP,125,CB,B,U,3460,C2',-0.078,3.838
A,TYR,141,CB,B,U,3460,OP2,-0.086,3.386
A,ALA,143,CB,B,U,3460,C5,-0.105,3.745
A,ALA,143,CB,B,U,3460,N3,-0.197,3.717
A,ARG,130,NH2,B,U,3460,O3',-0.224,2.924
A,TYR,141,C,B,U,3460,C4',-0.228,3.718
A,ALA,143,CB,B,U,3460,N1,-0.239,3.759
A,TYR,141,CE2,B,U,3460,C1',-0.245,3.885
A,ALA,143,CB,B,U,3460,C4,-0.252,3.742
A,ALA,143,CB,B,U,3460,C2,-0.281,3.771
A,TYR,141,CZ,B,U,3460,O4',-0.308,3.378
A,TYR,141,CA,B,U,3460,C5',-0.311,4.071
A,GLN,144,NE2,B,U,3460,C2',-0.314,3.834
A,GLN,144,NE2,B,U,3460,C1',-0.34,3.86
A,TYR,141,CB,B,U,3460,C4',-0.348,4.108
A,TYR,141,C,B,U,3460,O4',-0.365,3.435
A,TYR,141,CZ,B,U,3460,C1',-0.39,3.88
A,ARG,126,CG,B,U,3461,O2',1.388,1.952
A,TYR,141,OH,B,U,3461,P,1.372,2.188
A,ARG,130,CZ,B,U,3461,OP1,0.83,2.2
A,ALA,127,CA,B,U,3461,C4,0.744,2.746
A,ARG,126,CG,B,U,3461,C2',0.62,3.14
A,LYS,132,CB,B,U,3461,OP1,0.601,2.699
A,ASP,125,CA,B,U,3461,O4',0.581,2.759
A,ASP,125,CA,B,U,3461,C3',0.384,3.376
A,LYS,132,CB,B,U,3461,P,0.186,3.794
A,ASP,125,CA,B,U,3461,C1',0.145,3.615
A,ASP,125,N,B,U,3461,C4',0.14,3.38
A,ASP,125,CA,B,U,3461,C2',0.054,3.706
A,ARG,126,N,B,U,3461,N1,-0.024,3.304
A,ASP,125,CA,B,U,3461,O2',-0.032,3.372
A,TYR,141,OH,B,U,3461,OP1,-0.093,2.573
A,ARG,126,CA,B,U,3461,C2,-0.133,3.623
A,ARG,126,C,B,U,3461,N3,-0.148,3.398
A,ASP,125,CB,B,U,3461,O5',-0.175,3.515
A,ARG,126,CA,B,U,3461,O2,-0.215,3.515
A,ARG,126,CG,B,U,3461,C3',-0.232,3.992
A,ALA,127,CB,B,U,3461,P,-0.234,4.214
A,TYR,141,OH,B,U,3461,O5',-0.272,2.792
A,ALA,127,CB,B,U,3461,OP2,-0.338,3.638
A,ALA,127,CA,B,U,3461,O4,-0.35,3.65
A,ARG,126,C,B,U,3461,C5,-0.355,3.725
A,ARG,126,CA,B,U,3461,C6,-0.356,3.996
A,ASP,125,CA,B,U,3461,O3',-0.368,3.708
A,ASP,125,N,B,U,3461,C5',-0.373,3.893
A,ARG,126,CG,B,U,3461,O3',-0.393,3.733
A,ASN,131,CA,B,C,3462,OP1,2.218,1.082
A,ARG,130,O,B,C,3462,OP2,2.161,0.679
A,ASN,131,CA,B,C,3462,OP2,1.201,2.099
A,ARG,126,CG,B,C,3462,C5',1.057,2.703
A,ARG,130,CA,B,C,3462,OP2,0.753,2.547
A,ARG,126,CG,B,C,3462,C4',0.742,3.018
A,ARG,126,CA,B,C,3462,C5',0.729,3.031
A,ASN,131,OD1,B,C,3462,OP1,0.625,2.215
A,ALA,127,CA,B,C,3462,C4,0.521,2.969
A,ARG,126,CA,B,C,3462,O5',0.333,3.007
A,ASN,131,CA,B,C,3462,O5',0.29,3.05
A,ARG,126,CG,B,C,3462,O4',0.285,3.055
A,ARG,126,CA,B,C,3462,O4',0.284,3.056
A,ARG,126,CB,B,C,3462,C1',0.237,3.523
A,ALA,127,C,B,C,3462,N3,0.161,3.089
A,ARG,126,CA,B,C,3462,C4',0.143,3.617
A,ARG,130,C,B,C,3462,OP1,0.102,2.928
A,ASN,131,OD1,B,C,3462,C3',0.037,3.263
A,ALA,127,CA,B,C,3462,N4,0.025,3.495
A,ASN,131,CA,B,C,3462,C5',-0.1,3.86
A,ARG,126,C,B,C,3462,C5,-0.146,3.516
A,ASP,125,C,B,C,3462,P,-0.16,3.87
A,ARG,126,CA,B,C,3462,C6,-0.21,3.85
A,ALA,127,C,B,C,3462,C2,-0.23,3.45
A,ARG,130,O,B,C,3462,OP1,-0.305,3.145
A,ASN,131,CG,B,C,3462,C3',-0.335,3.825
A,ALA,127,N,B,C,3462,N1,-0.337,3.617
A,GLN,196,CD,B,C,3463,OP2,0.454,2.576
A,ASN,131,ND2,B,C,3463,P,0.149,3.591
A,GLN,196,CD,B,C,3463,OP1,-0.164,3.194
A,PRO,128,CB,B,C,3463,N4,-0.183,3.703
A,GLU,275,CB,B,U,3471,O2',2.498,0.842
A,GLU,275,CB,B,U,3471,C2',1.518,2.242
A,GLU,275,CG,B,U,3471,C1',0.737,3.023
A,GLU,275,CB,B,U,3471,C1',0.552,3.208
A,GLU,275,CG,B,U,3471,N1,0.211,3.309
A,PRO,197,CB,B,U,3471,O3',0.143,3.197
A,PRO,197,CB,B,U,3471,C3',0.079,3.681
A,GLU,275,CA,B,U,3471,C1',0.067,3.693
A,GLU,275,CD,B,U,3471,C2,0.035,3.455
A,GLU,275,CG,B,U,3471,C6,-0.033,3.673
A,LYS,274,C,B,U,3471,C2',-0.103,3.593
A,GLU,275,CD,B,U,3471,C5,-0.203,3.843
A,LYS,274,C,B,U,3471,O2',-0.277,3.347
A,PRO,197,CB,B,U,3471,C4',-0.308,4.068
A,GLU,275,CB,B,U,3471,N1,-0.34,3.86
A,GLU,275,CD,B,U,3471,N3,-0.369,3.889
A,PRO,197,CA,B,U,3472,C5',0.653,3.107
A,PRO,197,N,B,U,3472,OP2,0.601,2.459
A,PRO,197,CB,B,U,3472,C6,0.481,3.159
A,ARG,276,CA,B,U,3472,OP1,0.43,2.87
A,ILE,273,C,B,U,3472,C2',0.219,3.271
A,PRO,197,CB,B,U,3472,C5,0.215,3.425
A,ILE,273,CG2,B,U,3472,C5',0.156,3.604
A,PRO,197,CA,B,U,3472,C3',0.153,3.607
A,GLN,196,C,B,U,3472,P,0.105,3.605
A,ARG,276,CA,B,U,3472,P,0.051,3.929
A,ILE,273,CG2,B,U,3472,O3',0.037,3.303
A,GLY,198,CA,B,U,3472,C3',0.028,3.732
A,ILE,273,C,B,U,3472,O2',0.019,3.051
A,GLY,198,CA,B,U,3472,O3',-0.02,3.36
A,PRO,197,N,B,U,3472,O5',-0.042,3.142
A,GLY,198,N,B,U,3472,O3',-0.066,2.766
A,ILE,273,O,B,U,3472,C1',-0.079,3.379
A,PRO,197,CA,B,U,3472,C4',-0.109,3.869
A,GLN,196,CA,B,U,3472,OP1,-0.164,3.464
A,ILE,273,O,B,U,3472,O4',-0.254,3.134
A,ILE,273,CG2,B,U,3472,C4',-0.318,4.078
A,ILE,273,CG2,B,U,3472,C3',-0.376,4.136
A,LYS,274,O,B,U,3472,N1,-0.387,3.447
A,GLY,198,CA,B,U,3473,P,1.93,2.05
A,GLY,198,CA,B,U,3473,OP2,1.841,1.459
A,PRO,270,CB,B,U,3473,O3',1.474,1.866
A,GLY,198,CA,B,U,3473,O5',1.304,2.036
A,GLY,198,C,B,U,3473,P,1.082,2.628
A,GLY,198,C,B,U,3473,OP2,0.83,2.2
A,GLY,199,N,B,U,3473,P,0.773,2.967
A,PRO,270,CG,B,U,3473,O3',0.581,2.759
A,ILE,273,CG2,B,U,3473,P,0.413,3.567
A,GLY,199,N,B,U,3473,OP2,0.359,2.301
A,GLY,198,CA,B,U,3473,C5',0.334,3.426
A,GLY,198,CA,B,U,3473,C6,0.291,3.349
A,GLY,198,CA,B,U,3473,OP1,0.259,3.041
A,PRO,270,CA,B,U,3473,O3',0.209,3.131
A,GLY,198,C,B,U,3473,O5',0.204,2.866
A,GLY,198,C,B,U,3473,OP1,0.161,2.869
A,PRO,197,O,B,U,3473,OP2,0.11,2.73
A,GLY,198,O,B,U,3473,P,0.059,3.461
A,PRO,197,CA,B,U,3473,P,0.053,3.927
A,GLY,198,CA,B,U,3473,C5,0.024,3.616
A,GLY,198,N,B,U,3473,O5',0.018,2.682
A,ILE,273,CG2,B,U,3473,OP1,0.008,3.292
A,GLN,196,O,B,U,3473,OP2,-0.095,2.935
A,GLY,199,CA,B,U,3473,P,-0.17,4.15
A,ILE,273,CD1,B,U,3473,OP1,-0.181,3.481
A,GLY,199,N,B,U,3473,OP1,-0.283,2.943
A,GLY,198,CA,B,U,3473,C3',-0.287,4.047
A,GLY,199,CA,B,U,3473,OP1,-0.371,3.671
A,GLY,198,CA,B,U,3473,C4',-0.373,4.133
A,PRO,270,CB,B,U,3473,C2',-0.374,4.134
A,GLY,198,O,B,U,3473,O5',-0.384,3.264
A,PRO,270,O,B,U,3473,O4',-0.391,3.271
A,PRO,270,CD,B,U,3473,O3',-0.399,3.739
A,PRO,270,CB,B,U,3474,P,1.789,2.191
A,PRO,270,CG,B,U,3474,OP1,1.624,1.676
A,PRO,270,CB,B,U,3474,OP1,0.894,2.406
A,GLY,198,O,B,U,3474,OP2,0.539,2.301
A,PRO,270,CD,B,U,3474,OP1,0.386,2.914
A,GLY,198,O,B,U,3474,P,-0.167,3.687
A,GLY,198,C,B,U,3474,OP2,-0.352,3.382
A,PRO,270,CB,B,U,3474,O5',-0.373,3.713
A,ILE,237,CD1,B,U,3475,OP1,0.71,2.59
A,ILE,237,CD1,B,U,3475,P,0.689,3.291
A,ILE,237,CG1,B,U,3475,OP1,0.465,2.835
A,ILE,237,CD1,B,U,3475,OP2,0.122,3.178
A,ILE,237,CG1,B,U,3475,P,0.015,3.965
A,ILE,237,CB,B,U,3475,OP1,-0.077,3.377
A,ILE,237,CB,B,U,3475,P,-0.317,4.297
A,PRO,128,CB,B,A,3476,N6,0.038,3.482
A,PRO,128,CB,B,A,3477,N6,0.455,3.065
A,PRO,128,CG,B,A,3477,C6,-0.015,3.505
A,PRO,128,CG,B,A,3478,N6,-0.023,3.543
A,GLN,144,CG,B,U,3480,O2,0.102,3.198
A,ARG,327,NH2,B,U,3480,C3',-0.095,3.615
A,ARG,327,NH2,B,U,3480,O3',-0.176,2.876
A,ALA,143,CB,B,U,3480,O4,-0.32,3.62
A,GLN,144,CA,B,G,3481,C1',1.427,2.333
A,GLN,144,CA,B,G,3481,C2',1.347,2.413
A,GLN,144,CA,B,G,3481,N3,1.09,2.43
A,GLN,144,CB,B,G,3481,C1',1.06,2.7
A,ALA,143,CA,B,G,3481,N3,1.056,2.464
A,GLN,144,CB,B,G,3481,O2',1.03,2.31
A,GLN,144,CG,B,G,3481,C1',0.908,2.852
A,GLN,144,N,B,G,3481,N3,0.891,1.989
A,GLN,144,CB,B,G,3481,C2',0.76,3
A,ALA,143,CA,B,G,3481,N1,0.684,2.836
A,ARG,327,CZ,B,G,3481,O5',0.53,2.54
A,GLN,144,N,B,G,3481,C2,0.503,2.747
A,GLN,144,CA,B,G,3481,N9,0.473,3.047
A,GLN,144,N,B,G,3481,N2,0.424,2.856
A,GLN,144,CA,B,G,3481,C4,0.421,3.069
A,ARG,327,NE,B,G,3481,OP2,0.208,2.452
A,GLN,144,N,B,G,3481,C4,0.205,3.045
A,GLY,142,C,B,G,3481,N2,0.196,3.054
A,GLN,144,N,B,G,3481,C1',0.183,3.337
A,ARG,327,NE,B,G,3481,P,0.165,3.575
A,GLN,144,CG,B,G,3481,O4',0.137,3.203
A,GLN,144,CG,B,G,3481,C2',-0.018,3.778
A,ALA,143,O,B,G,3481,C6,-0.026,3.056
A,ALA,143,N,B,G,3481,C2,-0.045,3.295
A,GLN,144,CA,B,G,3481,C2,-0.082,3.572
A,GLN,144,CB,B,G,3481,O4',-0.083,3.423
A,ALA,143,CA,B,G,3481,C4,-0.11,3.6
A,GLN,144,CA,B,G,3481,C3',-0.13,3.89
A,ARG,327,CZ,B,G,3481,OP1,-0.161,3.191
A,GLN,144,N,B,G,3481,C2',-0.184,3.704
A,GLN,144,CA,B,G,3481,O4',-0.222,3.562
A,ALA,143,C,B,G,3481,N9,-0.251,3.501
A,GLN,144,CB,B,G,3481,N3,-0.258,3.778
A,GLN,144,CG,B,G,3481,N9,-0.262,3.782
A,GLN,144,N,B,G,3481,N9,-0.269,3.549
A,HIS,122,CE1,B,G,3481,C5',-0.285,3.925
A,ALA,143,C,B,G,3481,C1',-0.295,3.785
A,GLN,144,CB,B,G,3481,N9,-0.302,3.822
A,ARG,327,NH1,B,G,3481,C8,-0.318,3.718
A,GLN,144,CB,B,G,3481,C4',-0.331,4.091
A,ALA,143,C,B,G,3481,C5,-0.355,3.575
A,GLN,144,O,B,G,3481,O3',-0.374,3.254
A,THR,140,CG2,B,G,3481,O2',-0.394,3.734
A,ALA,143,O,B,G,3481,C2',-0.399,3.699
A,ALA,329,CB,B,U,3482,OP2,0.98,2.32
A,LEU,145,CB,B,U,3482,O2',0.852,2.488
A,LEU,145,CA,B,U,3482,O2',0.756,2.584
A,GLN,146,CG,B,U,3482,OP1,0.666,2.634
A,LEU,145,CA,B,U,3482,C3',0.543,3.217
A,LEU,145,CB,B,U,3482,C1',0.505,3.255
A,GLN,144,C,B,U,3482,C4',0.492,2.998
A,LEU,145,CB,B,U,3482,C2',0.348,3.412
A,LEU,145,C,B,U,3482,O3',0.27,2.8
A,ALA,143,O,B,U,3482,N1,0.203,2.857
A,LEU,145,O,B,U,3482,O2,0.136,2.704
A,ALA,143,O,B,U,3482,C6,0.135,3.045
A,LEU,145,CB,B,U,3482,C4',0.133,3.627
A,GLN,144,C,B,U,3482,C5',0.112,3.378
A,GLN,144,CA,B,U,3482,O4',0.017,3.323
A,ARG,327,NH1,B,U,3482,OP2,0.001,2.659
A,GLN,144,O,B,U,3482,O5',-0.003,2.883
A,LEU,145,CB,B,U,3482,O4',-0.038,3.378
A,ALA,143,O,B,U,3482,C1',-0.04,3.34
A,ALA,143,O,B,U,3482,C2,-0.151,3.181
A,LEU,145,N,B,U,3482,C2',-0.218,3.738
A,GLN,144,O,B,U,3482,P,-0.269,3.789
A,ALA,143,O,B,U,3482,C5,-0.328,3.508
A,LEU,145,CB,B,U,3482,C3',-0.361,4.121
A,GLN,144,CA,B,U,3482,C1',-0.371,4.131
A,GLN,146,CA,B,A,3483,OP2,0.971,2.329
A,LYS,147,CG,B,A,3483,C3',0.936,2.824
A,GLN,146,N,B,A,3483,P,0.527,3.213
A,GLN,146,CA,B,A,3483,O5',0.502,2.838
A,LYS,147,O,B,A,3483,C4',0.437,2.863
A,LYS,147,O,B,A,3483,C5',0.298,3.002
A,GLN,146,C,B,A,3483,C4',0.276,3.214
A,GLN,146,CA,B,A,3483,C5',0.247,3.513
A,ARG,148,CD,B,A,3483,C2,0.165,3.475
A,GLN,146,CA,B,A,3483,OP1,0.11,3.19
A,LYS,147,CG,B,A,3483,C2',-0.027,3.787
A,GLN,146,C,B,A,3483,O4',-0.072,3.142
A,GLN,146,O,B,A,3483,C1',-0.087,3.387
A,GLN,146,O,B,A,3483,C2',-0.1,3.4
A,LYS,147,CA,B,A,3483,O3',-0.138,3.478
A,GLN,146,C,B,A,3483,C8,-0.162,3.532
A,GLN,146,O,B,A,3483,N9,-0.231,3.291
A,LYS,147,N,B,A,3483,C3',-0.245,3.765
A,LYS,147,O,B,A,3483,O4',-0.316,3.196
A,ARG,148,CB,B,A,3483,N3,-0.35,3.87
A,ARG,148,CG,B,A,3483,C4,-0.356,3.846
A,ARG,336,NH1,B,U,3484,OP1,0.752,1.908
A,LYS,147,CB,B,U,3484,OP1,0.571,2.729
A,ARG,148,C,B,U,3484,C5',0.376,3.114
A,ARG,148,C,B,U,3484,C4',0.365,3.125
A,ARG,336,NH1,B,U,3484,OP2,0.343,2.317
A,ARG,336,CZ,B,U,3484,OP2,0.097,2.933
A,ARG,148,C,B,U,3484,O4',-0.024,3.094
A,LYS,147,CG,B,U,3484,OP1,-0.158,3.458
A,ARG,148,O,B,U,3484,C1',-0.184,3.484
A,LYS,147,CG,B,U,3484,P,-0.215,4.195
A,ARG,148,O,B,U,3484,C3',-0.229,3.529
A,ARG,148,O,B,U,3484,O5',-0.303,3.183
A,GLU,341,OE2,B,U,3484,O3',-0.314,3.194
A,LYS,147,CA,B,U,3484,P,-0.352,4.332
A,GLN,152,CG,B,U,3484,C5',-0.381,4.141
A,GLU,341,OE2,B,A,3485,P,0.906,2.614
A,GLU,345,OE2,B,A,3485,OP1,0.644,2.196
A,GLU,341,OE2,B,A,3485,OP1,0.453,2.387
A,GLU,341,OE2,B,A,3485,OP2,0.446,2.394
A,GLU,341,CD,B,A,3485,P,0.439,3.541
A,GLY,383,O,B,A,3485,O5',0.419,2.461
A,GLY,383,C,B,A,3485,C5',0.397,3.093
A,GLU,341,CD,B,A,3485,OP1,0.353,2.947
A,SER,384,CB,B,A,3485,N3,0.352,3.168
A,SER,384,CB,B,A,3485,C4,0.219,3.271
A,GLY,383,CA,B,A,3485,C4',0.028,3.732
A,GLU,341,CD,B,A,3485,OP2,0.014,3.286
A,SER,384,CB,B,A,3485,O2',-0.133,3.473
A,GLU,345,CD,B,A,3485,OP1,-0.137,3.437
A,GLU,345,OE2,B,A,3485,P,-0.142,3.662
A,GLY,383,C,B,A,3485,C1',-0.162,3.652
A,SER,384,CA,B,A,3485,N9,-0.179,3.699
A,GLY,383,CA,B,A,3485,C2',-0.264,4.024
A,ALA,382,C,B,A,3485,C3',-0.296,3.786
A,GLU,341,CG,B,A,3485,OP1,-0.327,3.627
A,SER,384,CB,B,A,3485,C8,-0.327,3.967
A,GLY,383,C,B,A,3485,O4',-0.372,3.442
A,GLY,383,N,B,A,3485,O3',-0.388,3.088
A,ARG,349,NH2,B,G,3486,C2,1.973,1.277
A,ARG,349,CD,B,G,3486,O6,1.76,1.54
A,ARG,349,CD,B,G,3486,C6,1.466,2.024
A,GLY,383,CA,B,G,3486,O5',1.381,1.959
A,ARG,349,CD,B,G,3486,N1,1.367,2.153
A,ARG,349,NH2,B,G,3486,N1,1.246,2.034
A,ARG,349,CZ,B,G,3486,N3,0.794,2.456
A,GLY,383,CA,B,G,3486,C5',0.765,2.995
A,ARG,349,CG,B,G,3486,O6,0.628,2.672
A,ARG,349,NH2,B,G,3486,N3,0.556,2.324
A,ARG,358,CB,B,G,3486,O3',0.441,2.899
A,ARG,358,CB,B,G,3486,C1',0.44,3.32
A,ARG,358,CD,B,G,3486,O4',0.352,2.988
A,HIS,356,CG,B,G,3486,N7,0.263,2.987
A,ALA,382,C,B,G,3486,OP1,0.242,2.788
A,ARG,349,CB,B,G,3486,O6,0.241,3.059
A,ARG,358,CB,B,G,3486,C2',0.233,3.527
A,ARG,349,CZ,B,G,3486,C4,0.205,3.015
A,ARG,349,CG,B,G,3486,C6,0.131,3.359
A,ARG,349,CD,B,G,3486,C5,0.13,3.36
A,ARG,358,CG,B,G,3486,C4',0.123,3.637
A,GLU,345,CD,B,G,3486,N2,0.091,3.429
A,TRP,368,CD1,B,G,3486,O6,0.041,3.139
A,ARG,349,CD,B,G,3486,C2,0.037,3.453
A,ARG,358,CB,B,G,3486,C3',-0.006,3.766
A,ALA,382,CA,B,G,3486,OP2,-0.021,3.321
A,ARG,349,CG,B,G,3486,N1,-0.046,3.566
A,ARG,349,NH2,B,G,3486,C6,-0.066,3.316
A,HIS,356,CD2,B,G,3486,N9,-0.095,3.495
A,ARG,349,NH2,B,G,3486,C4,-0.098,3.348
A,ALA,382,CA,B,G,3486,P,-0.099,4.079
A,ARG,358,CA,B,G,3486,O2',-0.21,3.55
A,HIS,356,CG,B,G,3486,C8,-0.276,3.646
A,SER,364,CB,B,G,3486,C8,-0.345,3.985
A,ARG,358,NE,B,U,3487,C5,0.807,2.593
A,ARG,358,NE,B,U,3487,C6,0.562,2.838
A,ARG,358,CA,B,U,3487,OP2,0.498,2.802
A,ARG,358,CA,B,U,3487,P,0.471,3.509
A,ARG,358,NH2,B,U,3487,N1,0.341,2.939
A,ARG,358,NH2,B,U,3487,N3,0.28,3
A,SER,384,OG,B,U,3487,C5',0.267,3.073
A,ARG,358,CZ,B,U,3487,C4,0.004,3.216
A,ARG,358,NH2,B,U,3487,O4,-0.008,2.668
A,ARG,358,CG,B,U,3487,O5',-0.124,3.464
A,ARG,358,NH2,B,U,3487,C2,-0.205,3.455
A,ARG,359,NH2,B,U,3487,C3',-0.211,3.731
A,SER,384,OG,B,U,3487,C4',-0.252,3.592
A,ARG,358,CA,B,U,3487,OP1,-0.265,3.565
A,ARG,359,CZ,B,U,3488,P,-0.136,3.846
A,ARG,359,CZ,B,U,3488,OP1,-0.231,3.261
A,ARG,359,NH2,B,U,3488,OP2,-0.378,3.038
A,LYS,321,CE,B,U,3491,C5',0.585,3.175
A,LYS,321,CE,B,U,3491,OP1,0.232,3.068
A,LYS,321,CE,B,U,3491,P,-0.078,4.058
A,LYS,321,CD,B,U,3491,OP1,-0.115,3.415
A,LYS,321,CE,B,U,3491,C4',-0.292,4.052
A,LYS,321,NZ,B,G,3492,P,-0.04,3.78
A,ARG,11,NH2,B,G,3500,O2',0.586,2.114
A,LYS,15,NZ,B,G,3500,C4',0.393,3.127
A,ARG,11,NH2,B,G,3500,C2',0.179,3.341
A,ALA,3,CA,B,G,3500,O3',-0.034,3.374
A,ARG,11,NE,B,G,3500,O2',-0.14,2.84
A,ARG,11,CZ,B,G,3500,C2',-0.233,3.723
A,GLU,12,OE2,B,G,3500,C1',-0.279,3.579
A,ARG,11,NH1,B,G,3500,O2',-0.292,2.992
A,ALA,2,CB,B,G,3500,C5',-0.394,4.154
A,ALA,3,CA,B,U,3501,C5',0.544,3.216
A,ARG,11,NH1,B,U,3501,C5',0.347,3.173
A,ARG,11,NH2,B,U,3501,C4',0.09,3.43
A,ALA,3,CA,B,U,3501,O5',0.058,3.282
A,ALA,2,C,B,U,3501,OP1,-0.082,3.112
A,ARG,11,NH1,B,U,3501,C4',-0.132,3.652
A,ALA,3,CB,B,U,3501,OP2,-0.22,3.52
A,ALA,2,C,B,U,3501,P,-0.268,3.978
A,ARG,11,NH2,B,U,3501,O4',-0.394,3.094
A,TYR,7,CE1,B,U,3507,O4,-0.211,3.391
A,TYR,7,CD1,B,G,3508,O6,-0.167,3.347
A,TYR,7,CE1,B,G,3508,C6,-0.238,3.608
A,LEU,10,CD1,B,G,3508,N1,-0.254,3.774
A,TYR,23,OH,B,U,3509,N3,-0.07,2.77
A,TYR,23,CE2,B,U,3509,O2,-0.213,3.393
A,TYR,23,OH,B,U,3509,C4,-0.309,3.379
A,LEU,10,CD1,B,G,3510,O3',0.884,2.456
A,LEU,10,CD1,B,G,3510,C5',0.784,2.976
A,LEU,10,CG,B,G,3510,O3',0.594,2.746
A,LEU,10,CD1,B,G,3510,C3',0.575,3.185
A,LEU,10,CD1,B,G,3510,C4',0.385,3.375
A,LEU,10,CG,B,G,3510,C5',0.206,3.554
A,LEU,10,CG,B,G,3510,C4',0.086,3.674
A,LEU,10,CB,B,G,3510,C3',0.076,3.684
A,LEU,10,CG,B,G,3510,C3',0.053,3.707
A,LEU,10,CD1,B,G,3510,O5',-0.152,3.492
A,LEU,10,CB,B,G,3510,C4',-0.299,4.059
A,LEU,10,CA,B,G,3510,O3',-0.346,3.686
A,LEU,10,CD1,B,G,3510,P,-0.372,4.352
A,LEU,10,CD1,B,U,3511,P,1.259,2.721
A,LEU,14,CD2,B,U,3511,C4',0.661,3.099
A,LEU,10,CG,B,U,3511,P,0.639,3.341
A,LEU,14,CD2,B,U,3511,O2',0.535,2.805
A,LEU,10,CD1,B,U,3511,OP2,0.391,2.909
A,LEU,14,CD2,B,U,3511,C1',0.216,3.544
A,LEU,14,CD2,B,U,3511,C2',0.159,3.601
A,LEU,14,CD2,B,U,3511,O4',0.12,3.22
A,LEU,14,CD2,B,U,3511,C3',-0.104,3.864
A,TYR,7,CB,B,U,3511,OP1,-0.111,3.411
A,LEU,10,CA,B,U,3511,P,-0.238,4.218
A,LEU,10,C,B,U,3511,C5',-0.327,3.817
A,SER,5,CB,B,U,3512,OP2,-0.131,3.431
A,SER,5,CB,B,U,3512,P,-0.175,4.155
A,TYR,7,CE1,B,U,3512,O4,-0.301,3.481
A,THR,8,CB,B,A,3575,C2,0.27,3.37
A,THR,8,CB,B,A,3575,N3,0.149,3.371
A,THR,8,OG1,B,A,3575,C2',-0.308,3.648
A,ASP,9,CB,B,A,3576,C3',0.807,2.953
A,ASP,9,CB,B,A,3576,C5',0.569,3.191
A,ASP,9,CB,B,A,3576,O3',0.421,2.919
A,ASP,9,CA,B,A,3576,O4',0.278,3.062
A,ASP,9,CA,B,A,3576,C4',0.276,3.484
A,ASP,9,CB,B,A,3576,C2',0.135,3.625
A,ASP,9,CA,B,A,3576,C1',0.102,3.658
A,ASP,9,OD1,B,A,3576,C4',-0.196,3.496
A,LYS,13,CD,B,A,3577,OP1,-0.008,3.308
A,ASP,9,CB,B,A,3577,P,-0.262,4.242
A,LYS,13,CE,B,C,3578,OP2,0.045,3.255
A,LYS,13,CE,B,C,3578,P,-0.012,3.992
A,SER,325,CB,B,C,3589,O2',0.789,2.551
A,SER,325,CB,B,C,3589,C2',-0.019,3.779
A,PRO,318,CB,B,U,3590,O2',0.237,3.103
A,SER,325,CB,B,U,3590,C5',-0.245,4.005
A,SER,325,CB,B,U,3590,C4',-0.35,4.11
A,LYS,116,CG,B,U,3737,OP1,0.276,3.024
A,LYS,116,CG,B,U,3737,P,-0.019,3.999
A,LYS,116,CG,B,U,3737,C5',-0.177,3.937
A,LYS,116,CB,B,U,3737,C5',-0.276,4.036
A,LYS,116,CA,B,U,3737,C5',-0.303,4.063
